checkpoint,layer,token_position,method,entanglement,boundary_margin,boundary_margin_n,cluster_distance,acc_ref,acc_over,cos_vbeh_vref,cos_vbeh_vover,n_pseudo_refused,n_pseudo_accepted,n_harmful,n_harmless,n_pseudo
base__none,8,last_prompt,logistic,0.3217543587686403,-0.12081181485524613,-0.20302022214181362,1.1901456276691167,0.9828220858895705,0.9944,0.017322370574224307,-0.08314425875431175,19,981,565,250,1000
base__none,16,last_prompt,logistic,0.3077985087623526,-0.10025881161872698,-0.09585190840981077,2.0919523310913055,0.9938650306748467,1.0,-0.027186913065693586,-0.1068258259166713,19,981,565,250,1000
base__none,19,last_prompt,logistic,0.30569398932413655,-0.14912323491057267,-0.10924647897749279,2.730032790188055,0.9938650306748467,1.0,-0.020887523582006746,-0.11357001004942495,19,981,565,250,1000
base__none,24,last_prompt,logistic,0.2965402041601682,-0.31436004932638334,-0.1566071438849846,4.0146323025628465,0.9938650306748467,1.0,-0.009843082297483095,-0.10347921025016425,19,981,565,250,1000
base__none,26,last_prompt,logistic,0.30195062866314326,-0.38431948662897536,-0.16105700301361597,4.7724653934667405,0.9938650306748467,1.0,-0.006125457917835397,-0.0985193302427371,19,981,565,250,1000
base__none,31,last_prompt,logistic,0.31145197872797603,-1.0841212322878115,-0.22915839221856896,9.461763296486978,1.0,1.0,0.019460749712308868,-0.06853106603461505,19,981,565,250,1000
base__mistral_safety,8,last_prompt,logistic,0.3047426004622792,-0.1702727778400442,-0.2897226768970621,1.1754190570353025,0.9815950920245399,0.9936,0.04955509924159866,-0.09659067718075065,34,966,565,250,1000
base__mistral_safety,16,last_prompt,logistic,0.2966280586569552,-0.2172697795303119,-0.20368882074131908,2.133350065453424,1.0,1.0,0.08023308070598884,-0.11070329578119305,34,966,565,250,1000
base__mistral_safety,19,last_prompt,logistic,0.29226679425609814,-0.3423701721195263,-0.24252146224729468,2.823421638208809,1.0,1.0,0.0722024678292646,-0.08310308524671918,34,966,565,250,1000
base__mistral_safety,24,last_prompt,logistic,0.2761128653563788,-0.745972884148884,-0.3610258030091659,4.132518384731325,1.0,1.0,0.06948138497653944,-0.07796529606247896,34,966,565,250,1000
base__mistral_safety,26,last_prompt,logistic,0.27735691239602067,-1.0530593800723052,-0.4287467159085267,4.912267970803423,1.0,1.0,0.06974424594811393,-0.07413850625548357,34,966,565,250,1000
base__mistral_safety,31,last_prompt,logistic,0.2772299430498546,-2.430948802849343,-0.5051833903658383,9.624025053907353,1.0,1.0,0.06512789126507064,-0.04749373594384085,34,966,565,250,1000
sft__none,8,last_prompt,logistic,0.36005608967002356,-0.0016062735965623638,-0.0024659950143368025,1.3027387218739779,0.9865030674846625,0.9968,0.1366595094713889,-0.016527886527369612,344,656,565,250,1000
sft__none,16,last_prompt,logistic,0.33720928804451633,-0.12013992940521631,-0.09955367994531547,2.413570838791872,1.0,1.0,0.22252222957690326,-0.0023165229218284865,344,656,565,250,1000
sft__none,19,last_prompt,logistic,0.32918578021676703,-0.14732380408947784,-0.0941174536255343,3.130637271076967,1.0,1.0,0.21306982634296828,-0.006540188663265924,344,656,565,250,1000
sft__none,24,last_prompt,logistic,0.3257814485030805,-0.23251167004236037,-0.10416606819957924,4.464249713195944,1.0,1.0,0.2121578754664437,-0.017571327288262745,344,656,565,250,1000
sft__none,26,last_prompt,logistic,0.3354057156606727,-0.29800831198565503,-0.11284169061349744,5.281883147362365,1.0,1.0,0.20224639653070528,-0.024648613691904346,344,656,565,250,1000
sft__none,31,last_prompt,logistic,0.325349674960109,-1.3914579797008064,-0.24614630917252608,11.305942261563803,1.0,1.0,0.16613730266009447,-0.020342899896819533,344,656,565,250,1000
sft__mistral_safety,8,last_prompt,logistic,0.356782770692187,-0.0523049835402488,-0.08180247170348635,1.2788118121868342,0.9938650306748467,0.9968,0.156349259114902,0.0311212303219162,353,647,565,250,1000
sft__mistral_safety,16,last_prompt,logistic,0.33098836708870377,-0.13650426916869077,-0.1103854156090712,2.473230153014402,1.0,1.0,0.24089257374273632,0.052248896061623806,353,647,565,250,1000
sft__mistral_safety,19,last_prompt,logistic,0.3067767062659116,-0.24640525885594905,-0.15700530484520786,3.1388144381348253,1.0,1.0,0.24457856329811817,0.05227914602144422,353,647,565,250,1000
sft__mistral_safety,24,last_prompt,logistic,0.29790613274932587,-0.41269924340917347,-0.18432333058469574,4.477992472250169,1.0,1.0,0.24443205132182258,0.04668924713089622,353,647,565,250,1000
sft__mistral_safety,26,last_prompt,logistic,0.30079151932483816,-0.5444623700396715,-0.20384585835073854,5.341902694955577,1.0,1.0,0.24230149776209026,0.04082278893466392,353,647,565,250,1000
sft__mistral_safety,31,last_prompt,logistic,0.2913769310269447,-1.6821368841248778,-0.3136398639108657,10.726550274252954,1.0,1.0,0.20487511198485076,0.044131095318593244,353,647,565,250,1000
dpo__none,8,last_prompt,logistic,0.36018926380414695,-0.00295573856074882,-0.004541789027640619,1.3015745745831242,0.9865030674846625,0.9968,0.1266817347318059,0.03593798056710295,210,790,565,250,1000
dpo__none,16,last_prompt,logistic,0.3401654399075464,-0.12420310100257216,-0.10189509627433482,2.4378621846173423,1.0,1.0,0.21361971308317332,0.037254655318888726,210,790,565,250,1000
dpo__none,19,last_prompt,logistic,0.331760014074584,-0.16583789119728037,-0.10519960243302252,3.1528235347251328,1.0,1.0,0.1953582729357068,0.030189131350955255,210,790,565,250,1000
dpo__none,24,last_prompt,logistic,0.329413473282227,-0.24715739938439826,-0.11024157121755009,4.48392374409576,1.0,1.0,0.19491762124588546,0.01677875091035498,210,790,565,250,1000
dpo__none,26,last_prompt,logistic,0.33618594880796293,-0.33753801552451035,-0.12691004004007753,5.319327224511436,1.0,1.0,0.192033168682438,0.01246602439393335,210,790,565,250,1000
dpo__none,31,last_prompt,logistic,0.33920892353625637,-1.4027149306198505,-0.2313178127338195,12.128032113410768,1.0,1.0,0.15851415077177966,0.0011053695017769812,210,790,565,250,1000
dpo__mistral_safety,8,last_prompt,logistic,0.3574659318432353,-0.05256537837293719,-0.08191003641784808,1.283490538443547,0.9938650306748467,0.9968,0.1321083225475064,0.04466538973184269,260,740,565,250,1000
dpo__mistral_safety,16,last_prompt,logistic,0.33707816703546584,-0.13167313902814176,-0.10458011905883612,2.518129453535299,1.0,1.0,0.22955661066006394,0.053522884236685615,260,740,565,250,1000
dpo__mistral_safety,19,last_prompt,logistic,0.3067978716000424,-0.25812567071501946,-0.16304685676085645,3.1662759508895864,1.0,1.0,0.23255467930581034,0.049685184848800884,260,740,565,250,1000
dpo__mistral_safety,24,last_prompt,logistic,0.30233301928295153,-0.3912007083714468,-0.17355585945874022,4.508066850539814,1.0,1.0,0.2359228875772988,0.04651371346673257,260,740,565,250,1000
dpo__mistral_safety,26,last_prompt,logistic,0.30355830362724207,-0.5362560457858593,-0.19815889016043547,5.412384428997256,1.0,1.0,0.2407906236171789,0.04276280387682832,260,740,565,250,1000
dpo__mistral_safety,31,last_prompt,logistic,0.31651746569639316,-1.7226498956742293,-0.28342784163725077,12.155826934454716,1.0,1.0,0.21536443912684994,0.034976874101874306,260,740,565,250,1000
final__none,8,last_prompt,logistic,0.36007533904743005,-0.002503930535966182,-0.0038484584410685163,1.3012641681384358,0.9865030674846625,0.996,0.12028042008243373,0.05007341566718773,214,786,565,250,1000
final__none,16,last_prompt,logistic,0.3406344156604944,-0.12593554653661135,-0.10328567456308328,2.4385869012201553,1.0,1.0,0.2088764295069381,0.040477730928276015,214,786,565,250,1000
final__none,19,last_prompt,logistic,0.3306728986415831,-0.1741448649129358,-0.11056173401833277,3.150183315396627,1.0,1.0,0.1897441131608086,0.03500693462553055,214,786,565,250,1000
final__none,24,last_prompt,logistic,0.3292669275182919,-0.245224620078959,-0.10978789844160963,4.467243176339348,1.0,1.0,0.18920710750632294,0.02405749656747912,214,786,565,250,1000
final__none,26,last_prompt,logistic,0.3390110386691051,-0.3369019160155149,-0.1272069076525302,5.296912286175109,1.0,1.0,0.18446756351578422,0.018077021341377335,214,786,565,250,1000
final__none,31,last_prompt,logistic,0.34012357944987814,-1.370102809418,-0.22569648129142061,12.141109170850697,1.0,1.0,0.15269475956433123,0.009204007137737074,214,786,565,250,1000
final__mistral_safety,8,last_prompt,logistic,0.35756945349480684,-0.052157332218971814,-0.08126096394712327,1.2836995695229687,0.9938650306748467,0.9968,0.13507222221532342,0.04584989679530093,260,740,565,250,1000
final__mistral_safety,16,last_prompt,logistic,0.33692910022835576,-0.13726189320754617,-0.10886867861377265,2.5216048353907654,1.0,1.0,0.22947438357269112,0.05273911564519931,260,740,565,250,1000
final__mistral_safety,19,last_prompt,logistic,0.3046055310595883,-0.27944426917764104,-0.1763082456047201,3.1699512205929383,1.0,1.0,0.23730928937396484,0.05294229687651897,260,740,565,250,1000
final__mistral_safety,24,last_prompt,logistic,0.30066812977355667,-0.4029861574022692,-0.17978227208632305,4.48304666222901,1.0,1.0,0.24077032573802573,0.051960279898613765,260,740,565,250,1000
final__mistral_safety,26,last_prompt,logistic,0.3023616484981489,-0.5448356890370749,-0.2026038907436012,5.378333920808798,1.0,1.0,0.2482273561874802,0.05122315258320384,260,740,565,250,1000
final__mistral_safety,31,last_prompt,logistic,0.3167030899945701,-1.7017822672810974,-0.2774298494456575,12.268198758579794,1.0,1.0,0.2274273286399329,0.03856012439821664,260,740,565,250,1000
